code,name,category,wewenang,eta,kode_klasifikasi,is_new,field_count,fields,dna_count,dna_clauses,placeholders
SKD,Surat Keterangan Domisili,Kependudukan,True,1 hari kerja,474,False,2,keperluan|lama_tinggal,4,Dengan ini menyatakan bahwa :||Nama        : {{nama}}\nNIK         : {{nik}}\nTempat/Tgl Lahir: {{tempat_tanggal_lahir}}\nAlamat     : {{alamat}}||adalah benar warga kami yang berdomisili di {{alamat}}.||Surat keterangan ini dibuat untuk keperluan {{keperluan}}.,alamat|keperluan|nama|nik|tempat_tanggal_lahir
PINDAH_DOMISILI,Surat Keterangan Pindah Domisili,Kependudukan,True,2 hari kerja,475,False,4,alamat_tujuan|alasan_pindah|jumlah_pengikut|jenis_kepindahan,5,Dengan ini menyatakan bahwa :||Nama   : {{nama}}\nNIK    : {{nik}}\nAlamat : {{alamat}}||||Bahwa yang bersangkutan akan melakukan pindah domisili dengan tujuan:\nAlamat Tujuan  : {{alamat_tujuan}}\nJenis Kepindahan: {{jenis_kepindahan}}\nJumlah Pengikut: {{jumlah_pengikut}} orang||Surat keterangan ini dibuat sebagai persyaratan administrasi kepindahan.,alamat|alamat_tujuan|jenis_kepindahan|jumlah_pengikut|nama|nik
PENDATANG,Surat Keterangan Pendatang / Numpang KK,Kependudukan,True,1 hari kerja,475.1,False,4,asal|alasan_datang|lama_tinggal|nama_pemilik_kk,4,Dengan ini menyatakan bahwa :||Nama   : {{nama}}\nNIK    : {{nik}}\nAlamat : {{alamat}} (numpek di KK {{nama_pemilik_kk}})||Asal daerah : {{asal}}\nAlasan            : {{alasan_datang}}||Surat keterangan ini dibuat untuk pencatatan administratif dan bukan merupakan izin menetap.,alamat|alasan_datang|asal|nama|nama_pemilik_kk|nik
KK_BARU,Surat Keterangan Kepala Keluarga,Kependudukan,True,2 hari kerja,474.5,False,3,alasan|jumlah_anggota|daftar_anggota,4,Dengan ini menyatakan bahwa :||Nama   : {{nama}}\nNIK    : {{nik}}\nAlamat : {{alamat}}||Yang bersangkutan belum memiliki Kartu Keluarga (KK) dengan alasan: {{alasan}}.\nJumlah anggota keluarga yang akan terdaftar: {{jumlah_anggota}} orang.\nDaftar anggota keluarga:\n{{daftar_anggota}}||Surat keterangan ini dibuat sebagai persyaratan pengurusan KK baru di Dukcapil.,alamat|alasan|daftar_anggota|jumlah_anggota|nama|nik
BEDA_NAMA,Surat Keterangan Beda Nama,Kependudukan,True,1 hari kerja,474.3,False,6,dokumen1|keperluan|jenis_dokumen1|dokumen2|jenis_dokumen2|keperluan,4,Dengan ini menyatakan bahwa :||Nama pada Dokumen 1 ({{jenis_dokumen1}}) : {{dokumen1}}\nNama pada Dokumen 2 ({{jenis_dokumen2}}) : {{dokumen2}}||Keduanya adalah benar orang yang sama. Perbedaan nama bukan untuk tujuan pemalsuan identitas.||Surat keterangan ini dibuat untuk keperluan {{keperluan}}.,dokumen1|dokumen2|jenis_dokumen1|jenis_dokumen2|keperluan
ALAMAT_SEMENTARA,Surat Keterangan Alamat Sementara,Kependudukan,True,1 hari kerja,475.2,False,3,alamat_sementara|alasan|lama_tinggal,4,Dengan ini menyatakan bahwa :||Nama   : {{nama}}\nNIK    : {{nik}}\nAlamat Tetap : {{alamat}}||Yang bersangkutan saat ini berdomisili sementara di {{alamat_sementara}}.\nAlasan       : {{alasan}}||Surat ini dibuat sebagai bukti alamat sementara dan bukan untuk keperluan tetap.,alamat|alamat_sementara|alasan|nama|nik
SP_KTP,Surat Pengantar Pembuatan KTP,Kependudukan,True,1 hari kerja,465,False,2,jenis_permohonan|alasan,5,Dengan ini memberikan PENGANTAR kepada :||Nama   : {{nama}}\nNIK    : {{nik}}\nAlamat : {{alamat}}||||Untuk pengajuan Pembuatan KTP dengan jenis permohonan {{jenis_permohonan}}.||Demikian surat pengantar ini dibuat dan dapat dibawa ke Kantor Dukcapil untuk proses lebih lanjut.,alamat|jenis_permohonan|nama|nik
SP_KK,Surat Pengantar Pembuatan KK,Kependudukan,True,1 hari kerja,465.2,False,2,jenis_perubahan|keterangan,5,Dengan ini memberikan PENGANTAR kepada :||Nama   : {{nama}}\nNIK    : {{nik}}\nAlamat : {{alamat}}||||Untuk pengajuan Pembuatan/Perubahan Kartu Keluarga dengan jenis {{jenis_perubahan}}.||Demikian surat pengantar ini dibuat untuk dapat dipergunakan sebagaimana mestinya.,alamat|jenis_perubahan|nama|nik
SKTM,Surat Keterangan Tidak Mampu (SKTM),Sosial & Ekonomi,True,1 hari kerja,474.6,False,6,penghasilan|tanggungan|keperluan|id_bdt|program_bantuan|no_kartu_bantuan,7,Dengan ini menyatakan bahwa :||Nama   : {{nama}}\nNIK    : {{nik}}\nAlamat : {{alamat}}||Yang bersangkutan termasuk keluarga kurang mampu/prasejahtera dengan penghasilan Rp {{penghasilan}} per bulan dan menanggung {{tanggungan}} jiwa.||{{id_bdt ? 'ID DTKS/BDT : ' + id_bdt : ''}}||{{program_bantuan ? 'Program Bantuan : ' + program_bantuan : ''}}||{{no_kartu_bantuan ? 'No. Kartu Bantuan : ' + no_kartu_bantuan : ''}}||Surat keterangan ini dibuat untuk keperluan {{keperluan}}.,alamat|keperluan|nama|nik|penghasilan|tanggungan
SK_PENGHASILAN,Surat Keterangan Penghasilan,Sosial & Ekonomi,True,1 hari kerja,300,False,21,penghasilan|sumber_penghasilan|keperluan|nama_ayah|nik_ayah|tanggal_lahir_ayah|tempat_lahir_ayah|pekerjaan_ayah|penghasilan_ayah|alamat_ayah|nama_ibu|nik_ibu|tanggal_lahir_ibu|tempat_lahir_ibu|pekerjaan_ibu|penghasilan_ibu|alamat_ibu|nama_sekolah|jurusan|kelas_semester|nomor_induk,22,Dengan ini menyatakan bahwa :||Nama       : {{nama}}\nNIK        : {{nik}}\nPekerjaan  : {{pekerjaan}}\nPenghasilan : Rp {{penghasilan}} per bulan||{{nama_ayah ? '--- DATA AYAH ---' : ''}}||{{nama_ayah ? 'Nama Ayah   : ' + nama_ayah : ''}}||{{nik_ayah ? 'NIK Ayah    : ' + nik_ayah : ''}}||{{tempat_lahir_ayah || tanggal_lahir_ayah ? 'TTL Ayah   : ' + (tempat_lahir_ayah||'') + '|' + (tanggal_lahir_ayah||'') : ''}}||{{pekerjaan_ayah ? 'Pekerjaan  : ' + pekerjaan_ayah : ''}}||{{penghasilan_ayah ? 'Penghasilan: Rp ' + penghasilan_ayah + '/bulan' : ''}}||{{alamat_ayah ? 'Alamat     : ' + alamat_ayah : ''}}||{{nama_ibu ? '--- DATA IBU ---' : ''}}||{{nama_ibu ? 'Nama Ibu    : ' + nama_ibu : ''}}||{{nik_ibu ? 'NIK Ibu     : ' + nik_ibu : ''}}||{{tempat_lahir_ibu || tanggal_lahir_ibu ? 'TTL Ibu    : ' + (tempat_lahir_ibu||'') + '|' + (tanggal_lahir_ibu||'') : ''}}||{{pekerjaan_ibu ? 'Pekerjaan  : ' + pekerjaan_ibu : ''}}||{{penghasilan_ibu ? 'Penghasilan: Rp ' + penghasilan_ibu + '/bulan' : ''}}||{{alamat_ibu ? 'Alamat     : ' + alamat_ibu : ''}}||{{nama_sekolah ? '--- DATA SEKOLAH ---' : ''}}||{{nama_sekolah ? 'Sekolah    : ' + nama_sekolah : ''}}||{{jurusan ? 'Jurusan    : ' + jurusan : ''}}||{{kelas_semester ? 'Kelas/Smt : ' + kelas_semester : ''}}||{{nomor_induk ? 'No. Induk  : ' + nomor_induk : ''}}||Surat keterangan ini dibuat untuk keperluan {{keperluan}}.,keperluan|nama|nik|pekerjaan|penghasilan
SK_KEHILANGAN,Surat Keterangan Kehilangan,Sosial & Ekonomi,True,1 hari kerja,300.1,False,4,barang_hilang|tempat_hilang|waktu_hilang|keterangan,3,"Dengan ini menyatakan bahwa :||Nama             : {{nama}}\nNIK              : {{nik}}\nBarang/Dokumen : {{barang_hilang}}\nTempat          : {{tempat_hilang}}\nWaktu           : {{waktu_hilang}}||Surat keterangan ini diterbitkan untuk keperluan administrasi. Untuk laporan resmi, silakan hubungi kantor polisi terdekat.",barang_hilang|nama|nik|tempat_hilang|waktu_hilang
SP_SKCK,Surat Pengantar SKCK,Sosial & Ekonomi,True,1 hari kerja,465.4,False,1,keperluan,5,"Dengan ini memberikan PENGANTAR kepada :||Nama   : {{nama}}\nNIK    : {{nik}}\nAlamat : {{alamat}}||||Bahwa yang bersangkutan adalah benar warga kami dan selama berdomisili di Desa {{nama_desa}}, tidak pernah tercatat melakukan tindak pidana/kejahatan.||Surat pengantar ini dibuat untuk pengajuan SKCK dan keperluan {{keperluan}}.",alamat|keperluan|nama|nama_desa|nik
SK_KELAKUAN_BAIK,Surat Keterangan Kelakuan Baik,Sosial & Ekonomi,True,1 hari kerja,475.3,False,1,keperluan,4,"Dengan ini menyatakan bahwa :||Nama   : {{nama}}\nNIK    : {{nik}}\nAlamat : {{alamat}}||Yang bersangkutan dikenal berkelakuan baik, tidak pernah tersangkut masalah hukum, dan aktif dalam kegiatan sosial kemasyarakatan.||Surat keterangan ini dibuat untuk keperluan {{keperluan}}.",alamat|keperluan|nama|nik
SK_TIDAK_PUNYA_KERJA,Surat Keterangan Tidak Punya Pekerjaan,Sosial & Ekonomi,True,1 hari kerja,475.4,False,1,keperluan,4,Dengan ini menyatakan bahwa :||Nama   : {{nama}}\nNIK    : {{nik}}\nAlamat : {{alamat}}||Yang bersangkutan saat ini tidak memiliki pekerjaan tetap dan termasuk kategori Pencari Kerja.||Surat keterangan ini dibuat untuk keperluan {{keperluan}}.,alamat|keperluan|nama|nik
VERIF_DTKS,Surat Pengantar Verifikasi DTKS,Sosial & Ekonomi,True,1 hari kerja,474.7,True,2,program_bantuan|keperluan,5,Dengan ini memberikan PENGANTAR VERIFIKASI DTKS kepada :||Nama   : {{nama}}\nNIK    : {{nik}}\nAlamat : {{alamat}}||||Bahwa warga tersebut telah kami verifikasi dan data kehadirannya tercatat dalam sistem kami.\nProgram bantuan yang dituju: {{program_bantuan}}.||Surat ini dibuat sebagai bahan verifikasi Data Terpadu Kesejahteraan Sosial (DTKS).,alamat|nama|nik|program_bantuan
SK_BELUM_MENIKAH,Surat Keterangan Belum Menikah,Pernikahan & Keluarga,True,1 hari kerja,451,False,3,keperluan|saksi_1|saksi_2,4,Dengan ini menyatakan bahwa :||Nama              : {{nama}}\nNIK               : {{nik}}\nTempat/Tgl Lahir : {{tempat_tanggal_lahir}}||Yang bersangkutan berstatus BELUM MENIKAH / belum pernah melangsungkan pernikahan.||Surat keterangan ini dibuat untuk keperluan {{keperluan}} sebagai salah satu syarat pengajuan akta nikah.,keperluan|nama|nik|tempat_tanggal_lahir
SK_NIKAH,Surat Keterangan Nikah (N-1 s/d N-6),Pernikahan & Keluarga,True,2 hari kerja,477,False,9,model_formulir|nama_calon|nik_calon|tanggal_nikah|tempat_nikah|binti|nama_camat|dusun|rw,5,Dengan ini memberikan SURAT PENGANTAR NIKAH kepada :||Nama   : {{nama}}\nNIK    : {{nik}}\nAlamat : {{alamat}}||||Bahwa yang bersangkutan memenuhi persyaratan untuk melangsungkan pernikahan.\nModel Formulir  : {{model_formulir}}\nNama Pasangan  : {{nama_calon}}\nNIK Pasangan   : {{nik_calon}}||Demikian surat pengantar nikah ini dibuat dan dapat dipergunakan sebagaimana mestinya.,alamat|model_formulir|nama|nama_calon|nik|nik_calon
SK_NIKAH_NONMUSLIM,Surat Keterangan Nikah Non-Muslim,Pernikahan & Keluarga,True,2 hari kerja,477.1,False,4,nama_calon|nik_calon|tanggal_nikah|tempat_nikah,4,Dengan ini memberikan SURAT PENGANTAR NIKAH NON-MUSLIM kepada :||Nama   : {{nama}}\nNIK    : {{nik}}\nAlamat : {{alamat}}||||Bahwa yang bersangkutan rencana akan melangsungkan pernikahan dan surat ini dibuat untuk dicatatkan di Kantor Catatan Sipil.,alamat|nama|nik
SK_JANDA,Surat Keterangan Status Janda,Pernikahan & Keluarga,True,1 hari kerja,477.2,False,3,alasan_janda|tanggal_status|keperluan,4,Dengan ini menyatakan bahwa :||Nama   : {{nama}}\nNIK    : {{nik}}\nAlamat : {{alamat}}||Yang bersangkutan saat ini berstatus JANDA.||Surat keterangan ini dibuat untuk keperluan {{keperluan}}.,alamat|keperluan|nama|nik
SK_DUDA,Surat Keterangan Status Duda,Pernikahan & Keluarga,True,1 hari kerja,474.8,False,3,alasan_duda|tanggal_status|keperluan,4,Dengan ini menyatakan bahwa :||Nama   : {{nama}}\nNIK    : {{nik}}\nAlamat : {{alamat}}||Yang bersangkutan saat ini berstatus DUDA.||Surat keterangan ini dibuat untuk keperluan {{keperluan}}.,alamat|keperluan|nama|nik
SK_HUBUNGAN_KELUARGA,Surat Keterangan Hubungan Keluarga,Pernikahan & Keluarga,True,1 hari kerja,474.9,False,4,nama_anggota_keluarga|keperluan|hubungan|keperluan,4,Dengan ini menyatakan bahwa :||Nama              : {{nama}}\nNIK               : {{nik}}\nHubungan Keluarga : {{hubungan}}||Dengan ini menyatakan bahwa yang bersangkutan memiliki hubungan keluarga dengan {{nama_anggota_keluarga}}.||Surat keterangan ini dibuat untuk keperluan {{keperluan}} dan bukan merupakan akta catatan sipil.,hubungan|keperluan|nama|nama_anggota_keluarga|nik
SK_AHLI_WARIS,Surat Keterangan Ahli Waris,Pernikahan & Keluarga,True,2 hari kerja,451.1,False,3,nama_alm|tgl_meninggal|daftar_waris,3,Dengan ini menyatakan bahwa :||Yang bersangkutan adalah benar ahli waris sah dari:\nNama Almarhum/ah : {{nama_alm}}\nTanggal Meninggal : {{tgl_meninggal}}\nDaftar Ahli Waris :\n{{daftar_waris}}||Surat keterangan ini dibuat sebagai salah satu persyaratan pengurusan klaim dan bukan merupakan pengesahan waris secara hukum.,daftar_waris|nama_alm|tgl_meninggal
DISPENSA_NIKAH,Surat Dispensasi Nikah (Pengantar PA),Pernikahan & Keluarga,True,3 hari kerja,451.2,False,2,alasan|keterangan,5,Dengan ini memberikan PENGANTAR DISPENSASI NIKAH kepada :||Nama   : {{nama}}\nNIK    : {{nik}}\nAlamat : {{alamat}}||||Bahwa yang bersangkutan mengajukan dispensasi nikah ke Pengadilan Agama dengan alasan: {{alasan}}.||Surat pengantar ini dibuat sebagai persyaratan pengajuan dispensasi nikah dan bukan merupakan izin nikah.,alamat|alasan|nama|nik
WALI_NIKAH,Surat Keterangan Wali Nikah Hakim,Pernikahan & Keluarga,True,2 hari kerja,510,False,2,alasan_tidak_ada_wali|keterangan,5,Dengan ini memberikan KETERANGAN WALI NIKAH HAKIM kepada :||Nama   : {{nama}}\nNIK    : {{nik}}\nAlamat : {{alamat}}||||Bahwa yang bersangkutan tidak memiliki wali nikah yang dapat hadir karena: {{alasan_tidak_ada_wali}}.||Surat keterangan ini menjadi dasar pengajuan penunjukan wali nikah hakim ke Pengadilan Agama.,alamat|alasan_tidak_ada_wali|nama|nik
SKU,Surat Keterangan Usaha (SKU),Usaha & Ekonomi,True,2 hari kerja,140,False,7,nama_usaha|keperluan|jenis_usaha|alamat_usaha|tahun_berdiri|jumlah_karyawan|keperluan,4,"Dengan ini menyatakan bahwa :||Nama       : {{nama}}\nNIK        : {{nik}}\nAlamat     : {{alamat}}||Yang bersangkutan memiliki dan mengelola usaha dengan data:\nNama Usaha    : {{nama_usaha}}\nJenis Usaha    : {{jenis_usaha}}\nAlamat Usaha  : {{alamat_usaha}}||Surat keterangan ini dibuat untuk keperluan {{keperluan}}. Untuk perizinan resmi (NIB), silakan mengurus melalui sistem OSS.",alamat|alamat_usaha|jenis_usaha|keperluan|nama|nama_usaha|nik
IZIN_KERAMAIAN,Surat Keterangan Izin Keramaian,Usaha & Ekonomi,True,2 hari kerja,524,False,6,nama_acara|tgl_mulai|tgl_selesai|lokasi|jumlah_tamu|keterangan,4,Dengan ini memberikan IZIN KERAMAIAN kepada :||Nama Acara   : {{nama_acara}}\nPelaksana   : {{nama}}\nLokasi      : {{lokasi}}||Tanggal      : {{tgl_mulai}} s.d. {{tgl_selesai}}\nPerkiraan Tamu: {{jumlah_tamu}} orang||Surat izin ini wajib dibawa saat acara dan dapat ditunjukkan kepada pihak berwajib.,jumlah_tamu|lokasi|nama|nama_acara|tgl_mulai|tgl_selesai
SK_PETERNAK,Surat Keterangan Peternak,Usaha & Ekonomi,True,1 hari kerja,530,False,2,keperluan|keterangan,4,Dengan ini menyatakan bahwa :||Nama   : {{nama}}\nNIK    : {{nik}}\nAlamat : {{alamat}}||Yang bersangkutan berprofesi sebagai peternak di wilayah Desa {{nama_desa}}.||Surat keterangan ini dibuat untuk keperluan {{keperluan}}.,alamat|keperluan|nama|nama_desa|nik
SK_PENGRAJIN,Surat Keterangan Pengrajin / Seniman,Usaha & Ekonomi,True,1 hari kerja,510.2,False,2,jenis_kerajinan|keperluan,4,Dengan ini menyatakan bahwa :||Nama   : {{nama}}\nNIK    : {{nik}}\nAlamat : {{alamat}}||Yang bersangkutan bergerak di bidang kerajinan/seni: {{jenis_kerajinan}}.||Surat keterangan ini dibuat untuk keperluan {{keperluan}}.,alamat|jenis_kerajinan|keperluan|nama|nik
SK_PEDAGANG_PASAR,Surat Keterangan Pedagang Pasar,Usaha & Ekonomi,True,1 hari kerja,30.1,False,3,nama_pasar|jenis_dagangan|keperluan,4,Dengan ini menyatakan bahwa :||Nama   : {{nama}}\nNIK    : {{nik}}\nAlamat : {{alamat}}||Yang bersangkutan tercatat sebagai pedagang di {{nama_pasar}}.||Surat keterangan ini dibuat untuk keperluan {{keperluan}}.,alamat|keperluan|nama|nama_pasar|nik
SK_TANAH_MILIK,Surat Keterangan Kepemilikan Tanah,Tanah & Properti,True,2 hari kerja,30.2,False,12,lokasi_tanah|atas_nama_tanah|nomor_sertifikat|jenis_hak|luas_tanah|batas_utara|batas_timur|batas_selatan|batas_barat|bukti_kepemilikan|batas|keperluan,4,"Dengan ini menyatakan bahwa :||Nama   : {{nama}}\nNIK    : {{nik}}||Berdasarkan data yang kami miliki, yang bersangkutan memiliki/menguasai tanah:\nLokasi     : {{lokasi_tanah}}\nLuas       : {{luas_tanah}}\nBatas-batas: {{batas}}||Surat ini KETERANGAN dari Pemerintah Desa dan BUKAN merupakan sertifikat tanah. Untuk kepastian hukum, silakan menghubungi BPN.",batas|lokasi_tanah|luas_tanah|nama|nik
SK_TANAH_TIDAK_SENGKETA,Surat Keterangan Tidak Sengketa Tanah,Tanah & Properti,True,2 hari kerja,30.3,False,5,lokasi_tanah|keperluan|luas_tanah|batas|keterangan,5,Dengan ini menyatakan bahwa :||Nama   : {{nama}}\nNIK    : {{nik}}||Tanah yang dikuasai:\nLokasi     : {{lokasi_tanah}}\nLuas       : {{luas_tanah}}\nBatas-batas: {{batas}}||Tanah tersebut bebas sengketa dan tidak sedang dalam proses hukum di pengadilan.||Surat keterangan ini dibuat untuk keperluan {{keperluan}}.,batas|keperluan|lokasi_tanah|luas_tanah|nama|nik
SK_HIBAH_TANAH,Surat Keterangan Hibah Tanah,Tanah & Properti,True,2 hari kerja,30.4,False,4,lokasi_tanah|luas_tanah|penerima_hibah|hubungan,4,Dengan ini menyatakan bahwa :||Nama            : {{nama}}\nNIK             : {{nik}}||Tanah yang dihibahkan:\nLokasi        : {{lokasi_tanah}}\nLuas          : {{luas_tanah}}\nPenerima Hibah: {{penerima_hibah}}||Surat keterangan ini dibuat sebagai tahap awal pengurusan hibah tanah di PPAT dan BPN.,lokasi_tanah|luas_tanah|nama|nik|penerima_hibah
SK_JUAL_BELI_TANAH,Surat Keterangan Jual Beli Tanah,Tanah & Properti,True,2 hari kerja,650,False,14,lokasi_tanah|luas_tanah|harga|penjual|nik_penjual|alamat_penjual|pekerjaan_penjual|pembeli|nik_pembeli|tanggal_lahir_pembeli|tempat_lahir_pembeli|pekerjaan_pembeli|alamat_pembeli|nomor_sertifikat,3,Dengan ini menyatakan bahwa :||Transaksi jual beli tanah:\nLokasi  : {{lokasi_tanah}}\nLuas    : {{luas_tanah}}\nPenjual : {{penjual}}\nPembeli : {{pembeli}}||Surat keterangan ini dibuat sebagai tahap awal pengurusan Akta Jual Beli (AJB) di PPAT.,lokasi_tanah|luas_tanah|pembeli|penjual
SK_RUMAH_MILIK,Surat Keterangan Kepemilikan Rumah,Tanah & Properti,True,1 hari kerja,650.1,False,4,lokasi_rumah|keperluan|luas_bangunan|tahun_bangun,4,Dengan ini menyatakan bahwa :||Nama   : {{nama}}\nNIK    : {{nik}}||Yang bersangkutan memiliki bangunan rumah:\nLokasi      : {{lokasi_rumah}}\nLuas        : {{luas_bangunan}} m2\nTahun Dibangun: {{tahun_bangun}}||Surat keterangan ini dibuat untuk keperluan {{keperluan}} dan bukan merupakan IMB/PBG resmi.,keperluan|lokasi_rumah|luas_bangunan|nama|nik|tahun_bangun
SK_BELUM_PUNYA_RUMAH,Surat Keterangan Belum Memiliki Rumah,Tanah & Properti,True,1 hari kerja,451.3,False,1,keperluan,4,Dengan ini menyatakan bahwa :||Nama   : {{nama}}\nNIK    : {{nik}}\nAlamat : {{alamat}}||Yang bersangkutan saat ini belum memiliki rumah/kediaman sendiri.||Surat keterangan ini dibuat untuk keperluan {{keperluan}}.,alamat|keperluan|nama|nik
SK_TANAH_WAKAF,Surat Keterangan Tanah Wakaf,Tanah & Properti,True,2 hari kerja,420,False,4,lokasi_tanah|luas_tanah|nadzir_wakaf|tujuan_wakaf,3,Dengan ini menyatakan bahwa :||Tanah wakaf:\nLokasi    : {{lokasi_tanah}}\nLuas      : {{luas_tanah}}\nNadzir    : {{nadzir_wakaf}}\nTujuan    : {{tujuan_wakaf}}||Surat keterangan ini dibuat sebagai tahap awal pendaftaran wakaf di BWI.,lokasi_tanah|luas_tanah|nadzir_wakaf|tujuan_wakaf
SK_BEASISWA,Surat Keterangan untuk Beasiswa,Pendidikan,True,1 hari kerja,420.2,False,3,nama_institusi|program_beasiswa|keperluan,4,Dengan ini menyatakan bahwa :||Nama    : {{nama}}\nNIK     : {{nik}}\nAlamat  : {{alamat}}||Yang bersangkutan saat ini menempuh pendidikan:\nNama Institusi   : {{nama_institusi}}\nProgram Beasiswa : {{program_beasiswa}}||Surat keterangan ini dibuat untuk keperluan {{keperluan}}.,alamat|keperluan|nama|nama_institusi|nik|program_beasiswa
SK_PENELITIAN,Surat Keterangan Penelitian / KKN / PKL,Pendidikan,True,2 hari kerja,420.3,False,5,nama_institusi|judul_kegiatan|lokasi_penelitian|lama_kegiatan|jumlah_peserta,3,Dengan ini memberikan SURAT PENGANTAR kepada :||Nama Kegiatan : {{judul_kegiatan}}\nInstitusi     : {{nama_institusi}}\nLokasi        : {{lokasi_penelitian}}\nLama          : {{lama_kegiatan}}\nPeserta       : {{jumlah_peserta}} orang||Surat pengantar ini dibuat sebagai salah satu persyaratan kegiatan.,judul_kegiatan|jumlah_peserta|lama_kegiatan|lokasi_penelitian|nama_institusi
SK_PUTUS_SEKOLAH,Surat Keterangan Putus Sekolah,Pendidikan,True,1 hari kerja,420.5,False,2,alasan|keperluan,4,Dengan ini menyatakan bahwa :||Nama   : {{nama}}\nNIK    : {{nik}}\nAlamat : {{alamat}}||Yang bersangkutan pernah duduk di bangku pendidikan namun kemudian putus sekolah.||Surat keterangan ini dibuat untuk keperluan {{keperluan}}.,alamat|keperluan|nama|nik
SK_AKTIF_SEKOLAH,Surat Aktif Sekolah (PIP/KPS),Pendidikan,True,1 hari kerja,461,False,3,nama_sekolah|keperluan|jenjang,4,Dengan ini menyatakan bahwa :||Nama        : {{nama}}\nNIK         : {{nik}}\nNama Sekolah: {{nama_sekolah}}\nJenjang     : {{jenjang}}||Yang bersangkutan saat ini masih aktif bersekolah.||Surat keterangan ini dibuat untuk keperluan {{keperluan}}.,jenjang|keperluan|nama|nama_sekolah|nik
SK_DISABILITAS,Surat Keterangan Penyandang Disabilitas,Kesehatan & Khusus,True,1 hari kerja,463.1,False,2,jenis_disabilitas|keperluan,4,Dengan ini menyatakan bahwa :||Nama   : {{nama}}\nNIK    : {{nik}}\nAlamat : {{alamat}}||Yang bersangkutan termasuk kategori penyandang disabilitas: {{jenis_disabilitas}}.||Surat keterangan ini dibuat untuk keperluan {{keperluan}}.,alamat|jenis_disabilitas|keperluan|nama|nik
SK_LANSIA,Surat Keterangan Lansia,Kesehatan & Khusus,True,1 hari kerja,463.2,False,2,umur|keperluan,4,Dengan ini menyatakan bahwa :||Nama   : {{nama}}\nNIK    : {{nik}}\nAlamat : {{alamat}}||Yang bersangkutan saat ini berusia {{umur}} tahun dan termasuk kategori lanjut usia (Lansia).||Surat keterangan ini dibuat untuk keperluan {{keperluan}}.,alamat|keperluan|nama|nik|umur
SK_YATIM_PIATU,Surat Keterangan Anak Yatim / Piatu,Kesehatan & Khusus,True,1 hari kerja,440.1,False,2,status_yatim|keperluan,4,Dengan ini menyatakan bahwa :||Nama   : {{nama}}\nNIK    : {{nik}}\nAlamat : {{alamat}}||Yang bersangkutan termasuk dalam kategori: {{status_yatim}}.||Surat keterangan ini dibuat untuk keperluan {{keperluan}}.,alamat|keperluan|nama|nik|status_yatim
SK_HAMIL,Surat Keterangan Hamil / Ibu Melahirkan,Kesehatan & Khusus,True,1 hari kerja,520,False,2,usia_kandungan|keperluan,3,Dengan ini memberikan KETERANGAN HAMIL kepada :||Nama           : {{nama}}\nNIK            : {{nik}}\nUsia Kandungan : {{usia_kandungan}} bulan||Surat keterangan ini dibuat sebagai salah satu syarat pemeriksaan dan bukan surat keterangan medis resmi.,nama|nik|usia_kandungan
SK_PETANI,Surat Keterangan Petani,Pertanian & Lingkungan,True,1 hari kerja,523,False,2,keperluan|keterangan,4,Dengan ini menyatakan bahwa :||Nama   : {{nama}}\nNIK    : {{nik}}\nAlamat : {{alamat}}||Yang bersangkutan berprofesi sebagai petani di wilayah Desa {{nama_desa}}.||Surat keterangan ini dibuat untuk keperluan {{keperluan}}.,alamat|keperluan|nama|nama_desa|nik
SK_NELAYAN,Surat Keterangan Nelayan,Pertanian & Lingkungan,True,1 hari kerja,360,False,2,keperluan|keterangan,4,Dengan ini menyatakan bahwa :||Nama   : {{nama}}\nNIK    : {{nik}}\nAlamat : {{alamat}}||Yang bersangkutan berprofesi sebagai nelayan di wilayah pesisir Desa {{nama_desa}}.||Surat keterangan ini dibuat untuk keperluan {{keperluan}}.,alamat|keperluan|nama|nama_desa|nik
SK_BENCANA,Surat Keterangan Dampak Bencana,Pertanian & Lingkungan,True,1 hari kerja,520.2,False,3,jenis_bencana|tanggal_kejadian|kerugian,4,Dengan ini menyatakan bahwa :||Nama           : {{nama}}\nNIK            : {{nik}}\nAlamat        : {{alamat}}||Yang bersangkutan terdampak bencana:\nJenis    : {{jenis_bencana}}\nTanggal  : {{tanggal_kejadian}}\nKerugian: {{kerugian}}||Surat keterangan ini dibuat untuk keperluan klaim dan bukan surat pernyataan resmi BNPB.,alamat|jenis_bencana|kerugian|nama|nik|tanggal_kejadian
SK_PENGGUNAAN_LAHAN,Surat Keterangan Penggunaan Lahan,Pertanian & Lingkungan,True,2 hari kerja,520.3,False,5,lokasi_lahan|keperluan|luas_lahan|peruntukan_sekarang|peruntukan_usulan,3,Dengan ini menyatakan bahwa :||Lahan dengan:\nLokasi             : {{lokasi_lahan}}\nLuas              : {{luas_lahan}}\nPeruntukan Sekarang : {{peruntukan_sekarang}}\nPeruntukan Usulan   : {{peruntukan_usulan}}||Surat keterangan ini dibuat untuk keperluan {{keperluan}}.,keperluan|lokasi_lahan|luas_lahan|peruntukan_sekarang|peruntukan_usulan
SK_KELOMPOK_TANI,Surat Keterangan Kelompok Tani / Nelayan,Pertanian & Lingkungan,True,1 hari kerja,140.1,False,3,nama_kelompok|jumlah_anggota|keperluan,4,Dengan ini menyatakan bahwa :||Kelompok Tani: {{nama_kelompok}}\nJumlah Anggota: {{jumlah_anggota}} orang||Kelompok tersebut tercatat di Desa {{nama_desa}}.||Surat keterangan ini dibuat untuk keperluan {{keperluan}}.,jumlah_anggota|keperluan|nama_desa|nama_kelompok
SP_INSTANSI,Surat Pengantar ke Instansi Lain,Surat Dinas,True,1 hari kerja,140.2,False,3,nama_instansi|alamat_instansi|keperluan,6,Dengan ini memberikan PENGANTAR kepada :||Nama   : {{nama}}\nNIK    : {{nik}}\nAlamat : {{alamat}}||||Untuk keperluan kepada:\nInstansi : {{nama_instansi}}\nAlamat  : {{alamat_instansi}}||Keperluan: {{keperluan}}.||Demikian surat pengantar ini dibuat dengan sebenar-benarnya.,alamat|alamat_instansi|keperluan|nama|nama_instansi|nik
SURAT_BANTUAN,Surat Permohonan Bantuan,Surat Dinas,True,1 hari kerja,140.3,False,2,jenis_bantuan|alasan,5,Dengan ini melaporkan permohonan bantuan dari warga kami:||Nama       : {{nama}}\nNIK        : {{nik}}\nAlamat     : {{alamat}}||||Jenis bantuan: {{jenis_bantuan}}\nAlasan pengajuan: {{alasan}}.||Surat keterangan ini dibuat sebagai salah satu syarat pengajuan bantuan.,alamat|alasan|jenis_bantuan|nama|nik
SURAT_REKOMENDASI,Surat Rekomendasi,Surat Dinas,True,1 hari kerja,474.10,False,2,instansi_tujuan|isi_rekomendasi,5,Dengan ini memberikan REKOMENDASI kepada :||Nama   : {{nama}}\nNIK    : {{nik}}\nAlamat : {{alamat}}||||Isi Rekomendasi:\n{{isi_rekomendasi}}||Demikian surat rekomendasi ini dibuat dengan sebenar-benarnya.,alamat|isi_rekomendasi|nama|nik
SPTJM,Surat Pernyataan Tanggung Jawab Mutlak (SPTJM),Surat Umum & Lainnya,True,1 hari kerja,474.11,False,2,judul_pernyataan|isi_pernyataan,7,"Dengan ini saya yang bertanda tangan di bawah ini:\nNama           : {{nama}}\nNIK            : {{nik}}\nTempat/Tgl Lahir: {{tempat_tanggal_lahir}}\nAlamat         : {{alamat}}||||Menyatakan dan bertanggung jawab penuh atas:\nJudul Pernyataan: {{judul_pernyataan}}||||Isi Pernyataan:\n{{isi_pernyataan}}||Surat pernyataan ini dibuat dengan penuh kesadaran tanpa paksaan. Apabila tidak sesuai, saya bersedia dituntut sesuai hukum yang berlaku.||Surat ini WAJIB dibubuhi MATERAI Rp10.000,-",alamat|isi_pernyataan|judul_pernyataan|nama|nik|tempat_tanggal_lahir
SURAT_KUASA,Surat Kuasa,Surat Umum & Lainnya,True,1 hari kerja,474.12,False,3,penerima_kuasa|nik_penerima_kuasa|wewenang,4,"Dengan ini memberikan KUASA dari:\nNama Pemberi Kuasa : {{nama}}\nNIK Pemberi Kuasa  : {{nik}}\nKepada:\nNama Penerima Kuasa : {{penerima_kuasa}}\nNIK Penerima Kuasa  : {{nik_penerima_kuasa}}||||Wewenang yang diberikan:\n{{wewenang}}||Surat kuasa ini dibuat di hadapan competent authority dan WAJIB dibubuhi materai Rp10.000,-",nama|nik|nik_penerima_kuasa|penerima_kuasa|wewenang
SK_WNI_KETURUNAN,Surat Keterangan WNI Keturunan,Surat Umum & Lainnya,True,1 hari kerja,180,False,1,keperluan,4,Dengan ini menyatakan bahwa :||Nama   : {{nama}}\nNIK    : {{nik}}\nAlamat : {{alamat}}||Yang bersangkutan adalah warga negara Indonesia keturunan.||Surat keterangan ini dibuat untuk keperluan {{keperluan}}.,alamat|keperluan|nama|nik
SK_HAJI,Surat Keterangan Naik Haji / Umrah,Surat Umum & Lainnya,True,1 hari kerja,471,False,2,tahun|keperluan,4,Dengan ini menyatakan bahwa :||Nama   : {{nama}}\nNIK    : {{nik}}\nAlamat : {{alamat}}||Yang bersangkutan akan menunaikan ibadah Haji/Umrah.||Surat keterangan ini dibuat untuk keperluan {{keperluan}}.,alamat|keperluan|nama|nik
SK_PASPOR,Surat Keterangan untuk Paspor,Surat Umum & Lainnya,True,1 hari kerja,456,False,1,keperluan,5,Dengan ini memberikan PENGANTAR kepada :||Nama   : {{nama}}\nNIK    : {{nik}}\nAlamat : {{alamat}}||||Bahwa yang bersangkutan akan mengajukan pembuatan paspor dan membutuhkan surat pengantar dari pemerintah desa.||Surat pengantar ini dibuat untuk keperluan {{keperluan}} dan bukan merupakan surat rekomendasi imigrasi.,alamat|keperluan|nama|nik
SK_TKI,Surat Keterangan Calon TKI / PMI,Surat Umum & Lainnya,True,2 hari kerja,471.1,False,3,negara_tujuan|jenis_pekerjaan|nama_pt,4,Dengan ini memberikan PENGANTAR CALON TKI/PMI kepada :||Nama           : {{nama}}\nNIK            : {{nik}}\nNegara Tujuan : {{negara_tujuan}}\nJenis Pekerjaan: {{jenis_pekerjaan}}||Perusahaan/PJTKI: {{nama_pt}}||Surat keterangan ini dibuat sebagai salah satu syarat BP2MI dan Disnaker.,jenis_pekerjaan|nama|nama_pt|negara_tujuan|nik
SP_PTSL,Surat Pengantar PTSL,Surat Umum & Lainnya,True,1 hari kerja,471.2,False,2,lokasi_tanah|luas_tanah,5,Dengan ini memberikan PENGANTAR PTSL kepada :||Nama   : {{nama}}\nNIK    : {{nik}}\nAlamat : {{alamat}}||||Untuk pengajuan:\nLokasi Tanah : {{lokasi_tanah}}\nLuas Tanah   : {{luas_tanah}}||Surat pengantar ini dibuat sebagai salah satu syarat Program PTSL oleh BPN.,alamat|lokasi_tanah|luas_tanah|nama|nik
SK_ORGANISASI,Surat Keterangan Keaktifan Organisasi,Surat Umum & Lainnya,True,1 hari kerja,30.9,False,1,keperluan,4,Dengan ini menyatakan bahwa :||Nama   : {{nama}}\nNIK    : {{nik}}\nAlamat : {{alamat}}||Yang bersangkutan aktif dalam organisasi kemasyarakatan di Desa {{nama_desa}}.||Surat keterangan ini dibuat untuk keperluan {{keperluan}}.,alamat|keperluan|nama|nama_desa|nik
SK_TIDAK_DI_DESA,Surat Keterangan Tidak Berada di Desa,Surat Umum & Lainnya,True,1 hari kerja,220,False,3,alasan|keperluan|lokasi_sekarang,4,Dengan ini menyatakan bahwa :||Nama   : {{nama}}\nNIK    : {{nik}}\nAlamat : {{alamat}}||Yang bersangkutan saat ini tidak berada di Desa {{nama_desa}}.||Surat keterangan ini dibuat untuk keperluan {{keperluan}}.,alamat|keperluan|nama|nama_desa|nik
SP_AKTA_KELAHIRAN,Surat Pengantar Penerbitan Akta Kelahiran,Surat Umum & Lainnya,True,1 hari kerja,475.5,True,28,nama_bayi|tanggal_lahir|tempat_lahir|jenis_kelamin_bayi|nama_ibu|nama_ayah|nik_ayah|tempat_lahir_ayah|tanggal_lahir_ayah|kewarganegaraan_ayah|pekerjaan_ayah|alamat_ayah|nik_ibu|tempat_lahir_ibu|tanggal_lahir_ibu|kewarganegaraan_ibu|pekerjaan_ibu|alamat_ibu|nama_pelapor|nik_pelapor|hubungan_pelapor|alamat_pelapor|nama_saksi_1|nik_saksi_1|alamat_saksi_1|nama_saksi_2|nik_saksi_2|alamat_saksi_2,12,Dengan ini memberikan PENGANTAR AKTA KELAHIRAN kepada :||Nama Bayi     : {{nama_bayi}}\nTgl Lahir    : {{tanggal_lahir}}\nTempat Lahir : {{tempat_lahir}}\nJenis Kelamin : {{jenis_kelamin_bayi}}||--- DATA AYAH ---||Nama Ayah    : {{nama_ayah}}\nNIK Ayah     : {{nik_ayah}}\nTTL Ayah     : {{tempat_lahir_ayah}}|{{tanggal_lahir_ayah}}\nPekerjaan    : {{pekerjaan_ayah}}\nKewarganegaraan: {{kewarganegaraan_ayah}}\nAlamat       : {{alamat_ayah}}||--- DATA IBU ---||Nama Ibu     : {{nama_ibu}}\nNIK Ibu       : {{nik_ibu}}\nTTL Ibu       : {{tempat_lahir_ibu}}|{{tanggal_lahir_ibu}}\nPekerjaan    : {{pekerjaan_ibu}}\nKewarganegaraan: {{kewarganegaraan_ibu}}\nAlamat       : {{alamat_ibu}}||--- DATA PELAPOR ---||Nama Pelapor : {{nama_pelapor}} ({{hubungan_pelapor}})\nNIK Pelapor  : {{nik_pelapor}}\nAlamat       : {{alamat_pelapor}}||--- DATA SAKSI ---||Saksi 1      : {{nama_saksi_1}} | {{nik_saksi_1}} | {{alamat_saksi_1}}||Saksi 2      : {{nama_saksi_2}} | {{nik_saksi_2}} | {{alamat_saksi_2}}||Surat pengantar ini dibuat sebagai salah satu syarat penerbitan Akta Kelahiran di Dukcapil.,alamat_ayah|alamat_ibu|alamat_pelapor|alamat_saksi_1|alamat_saksi_2|hubungan_pelapor|jenis_kelamin_bayi|kewarganegaraan_ayah|kewarganegaraan_ibu|nama_ayah|nama_bayi|nama_ibu|nama_pelapor|nama_saksi_1|nama_saksi_2|nik_ayah|nik_ibu|nik_pelapor|nik_saksi_1|nik_saksi_2|pekerjaan_ayah|pekerjaan_ibu|tanggal_lahir|tanggal_lahir_ayah|tanggal_lahir_ibu|tempat_lahir|tempat_lahir_ayah|tempat_lahir_ibu
SP_AKTA_KEMATIAN,Surat Pengantar Penerbitan Akta Kematian,Surat Umum & Lainnya,True,1 hari kerja,474.20,True,11,nama_jenazah|tanggal_meninggal|tempat_meninggal|penyebab|nama_pelapor|nik_pelapor|hubungan_pelapor|alamat_pelapor|nama_saksi|nik_saksi|alamat_saksi,7,Dengan ini memberikan PENGANTAR AKTA KEMATIAN kepada :||Nama Jenazah    : {{nama_jenazah}}\nNIK             : {{nik}}\nTgl Meninggal   : {{tanggal_meninggal}}\nTempat          : {{tempat_meninggal}}\nPenyebab Kematian: {{penyebab}}||--- DATA PELAPOR ---||Nama Pelapor : {{nama_pelapor}}\nNIK Pelapor  : {{nik_pelapor}}\nHubungan      : {{hubungan_pelapor}}\nAlamat        : {{alamat_pelapor}}||--- DATA SAKSI ---||Saksi        : {{nama_saksi}}\nNIK Saksi   : {{nik_saksi}}\nAlamat       : {{alamat_saksi}}||Surat pengantar ini dibuat sebagai salah satu syarat penerbitan Akta Kematian di Dukcapil.,alamat_pelapor|alamat_saksi|hubungan_pelapor|nama_jenazah|nama_pelapor|nama_saksi|nik|nik_pelapor|nik_saksi|penyebab|tanggal_meninggal|tempat_meninggal
SP_AKTA_LAHIR,Surat Pengantar Penerbitan Akta Lahir,Surat Umum & Lainnya,True,1 hari kerja,474.21,True,1,keperluan,3,Dengan ini memberikan PENGANTAR untuk penerbitan Akta Lahir kepada :||Nama   : {{nama}}\nNIK    : {{nik}}||Surat pengantar ini dibuat sebagai salah satu syarat pengurusan Akta Lahir bagi warga yang belum memiliki.,nama|nik
SP_IZIN_REKLAME,Surat Pengantar Izin Reklame,Surat Umum & Lainnya,True,1 hari kerja,474.22,True,1,keperluan,3,Dengan ini memberikan PENGANTAR untuk Izin Reklame kepada :||Nama   : {{nama}}\nNIK    : {{nik}}||Surat pengantar ini dibuat sebagai salah satu syarat pengajuan izin reklame ke Dinas Perizinan.,nama|nik
SK_HARGA_TANAH,Surat Keterangan Harga Tanah,Tanah & Properti,True,1 hari kerja,845,False,8,lokasi_tanah|luas_tanah|luas_bangunan|nama_sertifikat|nomor_sertifikat|harga_tanah|harga_bangunan|keperluan,8,Dengan ini menyatakan bahwa :||Nama        : {{nama}}\nNIK         : {{nik}}\nAlamat     : {{alamat}}||--- DATA TANAH ---||Lokasi       : {{lokasi_tanah}}\nLuas Tanah   : {{luas_tanah}} m²{{luas_bangunan ? '\nLuas Bangunan: ' + luas_bangunan + ' m²' : ''}}||{{atas_nama_tanah ? 'Atas Nama    : ' + atas_nama_tanah : ''}}||{{nomor_sertifikat ? 'No. Sertifikat: ' + nomor_sertifikat : ''}}||Harga Tanah  : Rp {{harga_tanah}}/m²{{harga_bangunan ? '\nHarga Bangunan: Rp ' + harga_bangunan + '/m²' : ''}}||Surat keterangan ini dibuat untuk keperluan {{keperluan}}.,alamat|harga_tanah|keperluan|lokasi_tanah|luas_tanah|nama|nik
SK_LAHIR_MATI,Surat Keterangan Lahir Mati,Kesehatan & Khusus,True,1 hari kerja,S-22,False,8,nama_ibu|tanggal_kelahiran|hari|jam|tempat_mati|lama_kandungan|jenis_kelamin_janin|keperluan,7,Dengan ini menyatakan bahwa :||Nama        : {{nama}}\nNIK         : {{nik}}||--- DATA IBU ---||Nama        : {{nama_ibu}}\nKehamilan   : {{lama_kandungan}} bulan||--- DATA Kelahiran ---||Tanggal     : {{tanggal_kelahiran}}{{hari ? '\nHari        : ' + hari : ''}}{{jam ? '\nJam         : ' + jam : ''}}\nTempat      : {{tempat_mati}}{{jenis_kelamin_janin ? '\nJenis Kelamin: ' + jenis_kelamin_janin : ''}}||Surat keterangan ini dibuat untuk keperluan {{keperluan}}.,keperluan|lama_kandungan|nama|nama_ibu|nik|tanggal_kelahiran|tempat_mati
SK_IZIN_ORANG_TUA,Surat Keterangan Izin Orang Tua,Surat Umum & Lainnya,True,1 hari kerja,S-39,False,8,nama_pemberi_izin|nama_anak|alamat_anak|pekerjaan_anak|status_pekerjaan|negara_tujuan|masa_kontrak|keperluan,5,Dengan ini menyatakan bahwa :||Nama Pemberi Izin : {{nama_pemberi_izin}}||--- DATA ANAK ---||Nama        : {{nama_anak}}\nAlamat     : {{alamat_anak}}{{pekerjaan_anak ? '\nPekerjaan  : ' + pekerjaan_anak : ''}}{{status_pekerjaan ? '\nStatus      : ' + status_pekerjaan : ''}}{{negara_tujuan ? '\nTujuan      : ' + negara_tujuan : ''}}{{masa_kontrak ? '\nLama Kontrak: ' + masa_kontrak + ' tahun' : ''}}||Yang bersangkutan telah memberikan izin {{keperluan}}.,alamat_anak|keperluan|nama_anak|nama_pemberi_izin
SP_SANGGAR,Surat Pengantar Pendirian Sanggar / Kursus,Surat Umum & Lainnya,True,1 hari kerja,510.5,True,1,keperluan,3,Dengan ini memberikan PENGANTAR untuk Pendirian Sanggar/Kursus kepada :||Nama   : {{nama}}\nNIK    : {{nik}}||Surat pengantar ini dibuat sebagai salah satu syarat pengajuan izin pendirian sanggar/kursus.,nama|nik
SP_BEBAS_NARKOBA,Surat Pengantar Pemeriksaan Bebas Narkoba,Surat Umum & Lainnya,True,1 hari kerja,510.6,True,1,keperluan,3,Dengan ini memberikan PENGANTAR untuk Pemeriksaan Bebas Narkotika kepada :||Nama   : {{nama}}\nNIK    : {{nik}}||Surat pengantar ini dibuat sebagai salah satu syarat pemeriksaan bebas narkoba diinstansi kesehatan.,nama|nik
SP_PENEBANGAN_POHON,Surat Pengantar Izin Penebangan Pohon,Surat Umum & Lainnya,True,1 hari kerja,440.2,True,3,jumlah_pohon|lokasi|alasan,3,Dengan ini memberikan PENGANTAR untuk Penebangan Pohon kepada :||Nama   : {{nama}}\nNIK    : {{nik}}\nJumlah Pohon : {{jumlah_pohon}} pohon\nLokasi Pohon: {{lokasi}}\nAlasan       : {{alasan}}||Surat pengantar ini dibuat sebagai salah satu syarat pengajuan izin penebangan pohon.,alasan|jumlah_pohon|lokasi|nama|nik
SP_PENGGALANGAN_DANA,Surat Pengantar Izin Penggalangan Dana,Surat Umum & Lainnya,True,1 hari kerja,510.7,True,3,jenis_kegiatan|target_dana|keperluan,3,Dengan ini memberikan PENGANTAR untuk Penggalangan Dana kepada :||Nama Kegiatan : {{nama_acara}}\nTarget Dana  : Rp {{target_dana}}||Surat pengantar ini dibuat sebagai salah satu syarat pengajuan izin penggalangan dana.,nama_acara|target_dana
SP_PENDAFTARAN_TANAH,Surat Pengantar Pendaftaran Tanah,Surat Umum & Lainnya,True,1 hari kerja,466.1,True,3,lokasi_tanah|luas_tanah|batas,3,Dengan ini memberikan PENGANTAR untuk Pendaftaran Tanah kepada :||Nama   : {{nama}}\nNIK    : {{nik}}\nLokasi : {{lokasi_tanah}}\nLuas   : {{luas_tanah}}||Surat pengantar ini dibuat sebagai salah satu syarat Sporadik/PTSL ke BPN.,lokasi_tanah|luas_tanah|nama|nik
SP_VERIF_KELAHIRAN,Surat Pengantar Verifikasi Kelahiran,Surat Umum & Lainnya,True,1 hari kerja,30.10,True,5,nama_bayi|tanggal_lahir|tempat_lahir|nama_ibu|nama_ayah,3,Dengan ini memberikan PENGANTAR VERIFIKASI KELAHIRAN kepada :||Nama Bayi     : {{nama_bayi}}\nTgl Lahir    : {{tanggal_lahir}}\nTempat Lahir : {{tempat_lahir}}\nNama Ibu      : {{nama_ibu}}\nNama Ayah     : {{nama_ayah}}||Surat pengantar ini dibuat untuk verifikasi data kelahiran di tingkat desa.,nama_ayah|nama_bayi|nama_ibu|tanggal_lahir|tempat_lahir
